visible,sortOrder,menuId,sectionName,subsectionName,name,sectionDescription,priceText,image,imagePath
TRUE,10,Lunch,ランチメニュー,,A. ハンバーグステーキ,"※税込み価格表示
この他にも、季節の食材を使った『日替わりの季節メニュー』がございます。
+100円で温泉たまご付けられます！","Sサイズ（150g） ￥1,100 / Mサイズ（185g） ￥1,200",,assets/img/menu/9cfb46_c7c1cad32b2346c7984056ec038a60d3.png
TRUE,20,Lunch,ランチメニュー,,B. 豚ロースの生姜焼き,"※税込み価格表示
この他にも、季節の食材を使った『日替わりの季節メニュー』がございます。","Sサイズ（100g） ￥1,100 / Mサイズ（125g） ￥1,200",,assets/img/menu/9cfb46_e69d275898444c7993fc8171bfff4dc8.png
TRUE,30,Lunch,ランチメニュー,,C. 白身魚フライ,"※税込み価格表示
この他にも、季節の食材を使った『日替わりの季節メニュー』がございます。","Sサイズ（白身魚フライ3個） ￥1,100 / Mサイズ（白身魚フライ3個＋北海道産ホタテフライ1個） ￥1,200",,assets/img/menu/9cfb46_2b5cb4610bce45febc3487d0c2ae2b46.png
TRUE,40,Lunch,ランチメニュー,,D. エビフライ（数量限定）,"※税込み価格表示
この他にも、季節の食材を使った『日替わりの季節メニュー』がございます。","Sサイズ（エビフライ2本） ￥1,100 / Mサイズ（エビフライ3本） ￥1,300",,assets/img/menu/9cfb46_11ac4bbe422a49a4822c5633de73912e.png
TRUE,50,Lunch,ランチメニュー,,E. ミックスフライ（エビ1本、白身魚2個、北海道産ホタテ1個）,"※税込み価格表示
この他にも、季節の食材を使った『日替わりの季節メニュー』がございます。","￥1,400",,assets/img/menu/9cfb46_442a30d01ccf4b5f938880101f5126a6.jpg
TRUE,60,Lunch,ランチメニュー,,F. 洋食屋のカレー（辛口欧風カレー）,"※税込み価格表示
この他にも、季節の食材を使った『日替わりの季節メニュー』がございます。","￥1,300",,
TRUE,70,Lunch,ランチメニュー,,G. 本日の日替わり（数量限定）,"※税込み価格表示
この他にも、季節の食材を使った『日替わりの季節メニュー』がございます。",卓上の紙にてご案内,,
TRUE,80,Lunch,トッピングメニュー,,温泉たまご,,￥100,,
TRUE,90,Lunch,トッピングメニュー,,エビフライ 1本,,￥450,,
TRUE,100,Lunch,トッピングメニュー,,北海道産ホタテフライ 1個,,￥300,,
TRUE,110,Lunch,トッピングメニュー,,洋食屋のカレールー,,￥500,,
TRUE,120,Lunch,サイドメニュー,,洋食屋のポテトサラダ,,￥600,,
TRUE,130,Lunch,サイドメニュー,,季節野菜のラタトゥイユ,,￥600,,
TRUE,140,Lunch,ソフトドリンク,,オレンジジュース,,￥200,,
TRUE,150,Lunch,ソフトドリンク,,グレープフルーツジュース,,￥200,,
TRUE,160,Lunch,ソフトドリンク,,アップルジュース,,￥200,,
TRUE,170,Lunch,ソフトドリンク,,トマトジュース,,￥200,,
TRUE,180,Lunch,ソフトドリンク,,そば茶,,￥200,,
TRUE,190,Lunch,ソフトドリンク,,ウーロン茶,,￥200,,
TRUE,200,Lunch,ソフトドリンク,,ジャスミン茶,,￥200,,
TRUE,210,Lunch,ソフトドリンク,,紅茶（ICE・HOT）,,￥200,,
TRUE,220,Lunch,ソフトドリンク,,アイスコーヒー,,￥200,,
TRUE,230,Lunch,ソフトドリンク,,竹炭コーヒー（HOT）,竹の炭で焙煎された豆です,￥200,,
TRUE,240,Lunch,アルコール,,ランチビール,,￥300,,
TRUE,250,Lunch,アルコール,,ワイングラス（赤・白）,,￥300,,
TRUE,260,Lunch,アルコール,,スパークリングワイン,,￥300,,
TRUE,270,Lunch,アルコール,,サッポロ生ビール（大）,,￥500,,
TRUE,280,Dinner,ディナーメニュー,,ミニ冷製ラタトゥイユ,,￥300,,assets/img/menu/9cfb46_a859bf3155a9409cb6f107c9525afc3f.png
TRUE,290,Dinner,ディナーメニュー,,ミニ洋食屋のポテトサラダ,,￥300,,assets/img/menu/9cfb46_a859bf3155a9409cb6f107c9525afc3f.png
TRUE,300,Dinner,ディナーメニュー,,マサラピスタチオ 〜数種類のスパイスで合わせました〜,,￥400,,assets/img/menu/9cfb46_0218b3089e2a44f1af738d97fa1fc39b.jpg
TRUE,310,Dinner,ディナーメニュー,,冷製ラタトゥイユ 〜新鮮野菜のトマト煮込み〜,,￥580,,assets/img/menu/9cfb46_5f79e04089934948885802fd1be95cb8.jpg
TRUE,320,Dinner,ディナーメニュー,,洋食屋のポテトサラダ 〜自家製マヨネーズで合わせました〜,,￥580,,assets/img/menu/9cfb46_095625a363d34073805195796d42867d.jpg
TRUE,330,Dinner,ディナーメニュー,,アボカドの醤油漬け,,￥480,,assets/img/menu/9cfb46_959a9223e4a7453eb23a071936646add.jpg
TRUE,340,Dinner,ディナーメニュー,,百合の花のつぼみのアンチョビガーリックソテー,,￥580,,assets/img/menu/9cfb46_846c62a97d8f469fae99c9d7b57227d7.jpg
TRUE,350,Dinner,ディナーメニュー,,カマンベールチーズフライ,,￥580,,assets/img/menu/9cfb46_35dde5825df840838543d5952d4fe81c.jpg
TRUE,360,Dinner,ディナーメニュー,,フライドポテト 〜2種のソースで〜,,￥690,,assets/img/menu/9cfb46_20cccea0a59a4b8590265f775d091f99.jpg
TRUE,370,Dinner,ディナーメニュー,,揚げ茄子のオードブル 〜茄子の素揚げ〜,,S ￥650 / L ￥750,,assets/img/menu/9cfb46_b387c50e6bac4811a98f08e182972bba.jpg
TRUE,380,Dinner,ディナーメニュー,,あさりとズッキーニの白ワインスパイス蒸し,,￥750,,assets/img/menu/9cfb46_7af2905f0a1c437e93007801fba77145.jpg
TRUE,390,Dinner,ディナーメニュー,,グリーンサラダ 〜自家製野菜生ドレッシングで〜,,￥650,,assets/img/menu/9cfb46_1a98a12b15bd4ccf9e04300127a292cb.jpg
TRUE,400,Dinner,ディナーメニュー,,ハンバーグステーキ 伝説継承 〜特製ツバキソース〜,,"￥1,080",,assets/img/menu/9cfb46_c7c1cad32b2346c7984056ec038a60d3.png
TRUE,410,Dinner,ディナーメニュー,,赤身ビーフステーキ,,"￥1,790",,assets/img/menu/9cfb46_28ff7344eee341b3b48daa8984c98bd8.jpg
TRUE,420,Dinner,ディナーメニュー,,豚肉の生姜焼き,,￥980,,assets/img/menu/9cfb46_e69d275898444c7993fc8171bfff4dc8.png
TRUE,430,Dinner,ディナーメニュー,,白身魚フライ,,"￥1,100",,assets/img/menu/9cfb46_7a92dd37b1044be7aaaccb1e77bb11da.jpg
TRUE,440,Dinner,ディナーメニュー,,エビフライ,,"￥1,200",,assets/img/menu/9cfb46_501d7c00d3624365ad4d76715052eeae.jpg
TRUE,450,Dinner,ディナーメニュー,,ガーリックチキン 〜しめじとベーコンの和風ソースで〜,,"￥1,280",,assets/img/menu/9cfb46_f4e6c48e4bb147d29095fa38f37e294f.jpg
TRUE,460,Dinner,ディナーメニュー,,豚ロースのカツレツ 〜デミグラスソースとグリュエールチーズで〜,,"￥1,200",,assets/img/menu/9cfb46_dfab24c169874265a77cf1b3b176635b.jpg
TRUE,470,Dinner,ディナーメニュー,,アッシュパルマンティエ 〜牛挽肉とマッシュポテトのグラタン〜,,￥850,,assets/img/menu/9cfb46_31aae05f7ef54d26b6b4493b5e572010.jpg
TRUE,480,Dinner,ディナーメニュー,,昔ながらのスパゲッティナポリタン,,￥990,,assets/img/menu/9cfb46_6b95a3533b1146b39aae381730e08f89.jpg
TRUE,490,Dinner,ディナーメニュー,,オムライス 〜特製デミグラスソースで〜,,"￥1,100",,assets/img/menu/9cfb46_b37f090701ea415dbd09890d3d584dd0.jpg
TRUE,500,Dinner,ディナーメニュー,,牛すじピラフ 温玉のせ,,￥980,,assets/img/menu/9cfb46_48296b798c894fbcaa2d10108ee1fc0d.jpg
TRUE,510,Dinner,ディナーメニュー,,ハンバーグ&生姜焼き MIX,,"￥1,650",,assets/img/menu/9cfb46_4f8afb877a49466c968c417d58fef8a3.jpg
TRUE,520,Dinner,ディナーメニュー,,MIXフライ,,"￥1,450",,assets/img/menu/9cfb46_08a8b4ed779c428d9aba6a3d17020581.jpg
TRUE,530,Dinner,ディナーメニュー,,ライス・味噌汁セット,,￥300,,assets/img/menu/9cfb46_fbeb302f4ee7484e9dc29377c9029845.jpg
TRUE,540,Dinner,ディナーメニュー,,カリカリバケット,,￥250,,assets/img/menu/9cfb46_44828bdd79774fd4b0db2fe8a8668f7e.jpg
TRUE,550,Dinner,デザートメニュー,,バニラビーンズアイス,,￥500,,assets/img/menu/9cfb46_898dfd5d0b7943ad8be617f99bc579e8.jpg
TRUE,560,Dinner,デザートメニュー,,チョコレートアイス,,￥500,,assets/img/menu/9cfb46_135b261b813e493c9d551260af876a4a.jpg
TRUE,570,Dinner,デザートメニュー,,100% 赤葡萄シャーベット,,￥500,,assets/img/menu/9cfb46_978beff2528d43b4895606fc8fae0ccb.jpg
TRUE,580,Dinner,デザートメニュー,,自家製ティラミス 〜マスカルポーネ仕立て〜,,￥580,,assets/img/menu/9cfb46_1a8bed7f8dbf44ad9687017cc22275e6.jpg
TRUE,590,Dinner,アルコール,,生ビール,,￥550（税込￥605）,,
TRUE,600,Dinner,アルコール,,小ビール,,￥380（税込￥418）,,
TRUE,610,Dinner,アルコール,,ハイボール（Dewar's）,,￥550（税込￥605）,,
TRUE,620,Dinner,アルコール,,レモンサワー,,￥500（税込￥550）,,
TRUE,630,Dinner,アルコール,,スパークリングワイン グラス,,￥550（税込￥605）,,
TRUE,640,Dinner,アルコール,,ハウスワイン（赤・白）グラス,,￥550（税込￥605）,,
TRUE,650,Dinner,アルコール,,ハウスワイン カラフェ,,"￥1,650（税込￥1,815）",,
TRUE,660,Dinner,アルコール,,ウーロンハイ,,￥550（税込￥605）,,
TRUE,670,Dinner,アルコール,,ジャスミンハイ,,￥550（税込￥605）,,
TRUE,680,Dinner,アルコール,,鍛高譚（紫蘇焼酎）,,￥550（税込￥605）,,
TRUE,690,Dinner,アルコール,,れんと（黒糖焼酎）,,￥550（税込￥605）,,
TRUE,700,Dinner,アルコール,,花札焼酎（芋・麦）,,￥600（税込￥660）,,
TRUE,710,Dinner,アルコール,ウイスキー各種,I.W. ハーパー,,￥600（税込￥660）,,
TRUE,720,Dinner,アルコール,ウイスキー各種,ブラントン,,"￥950（税込￥1,045）",,
TRUE,730,Dinner,アルコール,ウイスキー各種,ラフロイグ 10年,,"￥950（税込￥1,045）",,
TRUE,740,Dinner,アルコール,ウイスキー各種,シーバスリーガル ミズナラ 12年,,"￥950（税込￥1,045）",,
TRUE,750,Dinner,アルコール,ウイスキー各種,山崎（ノンエイジ）,,"￥950（税込￥1,045）",,
TRUE,760,Dinner,アルコール,ウイスキー各種,山崎 12年,,時価（スタッフにお尋ねください）,,
TRUE,770,Dinner,アルコール,ブランデー,カミュ VSOP,,"￥950（税込￥1,045）",,
TRUE,780,Dinner,アルコール,日本酒,日本酒,美味しいのあります！スタッフにお問い合わせください。,,,
TRUE,790,Dinner,アルコール,リキュール,花札梅酒,,￥600（税込￥660）,,
TRUE,800,Dinner,アルコール,リキュール,とろとろ梅酒,,￥700（税込￥770）,,
TRUE,810,Dinner,アルコール,リキュール,赤短梅酒,,￥750（税込￥825）,,
TRUE,820,Dinner,アルコール,リキュール,自家製サングリア（赤・白）,,￥650（税込￥715）,,
TRUE,830,Dinner,ソフトドリンク,,100% オレンジジュース,,￥400（税込￥440）,,
TRUE,840,Dinner,ソフトドリンク,,100% グレープフルーツジュース,,￥400（税込￥440）,,
TRUE,850,Dinner,ソフトドリンク,,100% アップルジュース,,￥400（税込￥440）,,
TRUE,860,Dinner,ソフトドリンク,,100% トマトジュース,,￥400（税込￥440）,,
TRUE,870,Dinner,ソフトドリンク,,コーラ,,￥400（税込￥440）,,
TRUE,880,Dinner,ソフトドリンク,,ジンジャーエール,,￥400（税込￥440）,,
TRUE,890,Dinner,ソフトドリンク,,そば茶,,￥400（税込￥440）,,
TRUE,900,Dinner,ソフトドリンク,,ウーロン茶,,￥400（税込￥440）,,
TRUE,910,Dinner,ソフトドリンク,,ジャスミン茶,,￥400（税込￥440）,,
TRUE,920,Dinner,ソフトドリンク,,竹炭コーヒー（HOT）〜竹炭焙煎〜,,￥400（税込￥440）,,
TRUE,930,Dinner,ソフトドリンク,,アイスコーヒー,,￥400（税込￥440）,,
TRUE,940,Dinner,ソフトドリンク,,エスプレッソ,,￥500（税込￥550）,,
TRUE,950,Dinner,ソフトドリンク,,紅茶（ICE・HOT）,,￥400（税込￥440）,,
TRUE,960,Dinner,ソフトドリンク,,バナナ MIX スペシャル,,￥650（税込￥715）,,
TRUE,970,Dinner,ソフトドリンク,,いちご MIX スペシャル,,￥650（税込￥715）,,
TRUE,980,Course,コース料理,,平日コース,"-6名様以上からご利用可能な「お得な飲み放題付きコース」がございます。
-季節やお客様リクエストにより内容の変更が有ります。
-その他、ご不明点、ご要望については直接お電話にてお問い合わせください。
(税込6,490円～)
※飲み放題は1000円分のお得なコース。
(飲み放題を付けない場合は5490円から承りますが、その場合お一人様１ドリンク制とさせていただいております。)",,,assets/img/menu/9cfb46_7a92dd37b1044be7aaaccb1e77bb11da.jpg
TRUE,990,Course,コース料理,,土日・祝日コース,"-6名様以上からご利用可能な「お得な飲み放題付きコース」がございます。
-季節やお客様リクエストにより内容の変更が有ります。
-その他、ご不明点、ご要望については直接お電話にてお問い合わせください。
(税込7,490円～)
※飲み放題は1000円分のお得なコース。
(飲み放題を付けない場合は6490円から承りますが、その場合お一人様１ドリンク制とさせていただいております。)",,,assets/img/menu/9cfb46_8ec565c4f994405f9572ca933c596f64.jpg
TRUE,1000,Course,メニュー例,,,"・洋食屋のポテトサラダ 自家製マヨネーズ仕立て
・アボカドの醤油漬け
・グリーンサラダ 自家製の野菜生ドレッシングで
・コンブと海老のサラダ
・カツオのたたきと水菜の粒マスタードサラダ
・カマンベールチーズのフライ
・フライドポテト〜二種のソースで〜
・ねぎトロバゲット
・広島県産カキフライ
・北海道産帆立貝柱のフライ
・5種のキノコのキノコパーティー ～トマトクリームソースで～
・チーズ入りメンチカツ
・赤身ビーフステーキ〜北海道産山わさびと
・昔ながらのスパゲティナポリタン",,,
TRUE,1010,Course,ドリンク,,アルコール,"その他、下記記載の混合によるカクテルなども含まれます。
例）カシスオレンジ・グレープフルーツサワー・レモンサワー
・サッポロ生ビール
・樽生スパークリングワイン
・グラスワイン 赤/白
・Deward’s (ウイスキー)
・Deward’s ハイボール/コーク/ジンジャーエール
・サッポロ焼酎
・レモンサワー
・グレープフルーツサワー",,,
TRUE,1020,Course,ドリンク,,リキュール,"その他、下記記載の混合によるカクテルなども含まれます。
例）カシスオレンジ・グレープフルーツサワー・レモンサワー
・カシス
・カンパリ
・ウォッカ
・ラム
・ウイスキー",,,
TRUE,1030,Course,ドリンク,,ソフトドリンク,"その他、下記記載の混合によるカクテルなども含まれます。
例）カシスオレンジ・グレープフルーツサワー・レモンサワー
・オレンジジュース
・アップルジュース
・グレープフルーツジュース
・アイス/ホットコーヒー
・ジンジャーエール
・コーラ
・トマトジュース
・ウーロン茶
・ジャスミン茶
・そば茶",,,
